{"cameraMode":{"drawMode":0,"name":"Shaded","section":"Shading Mode"},"sceneLighting":true,"audioPlay":false,"sceneViewState":{"m_AlwaysRefresh":false,"showFog":true,"showSkybox":true,"showFlares":true,"showImageEffects":true,"showParticleSystems":true,"showVisualEffectGraphs":true,"m_FxEnabled":true},"in2DMode":false,"pivot":{"x":2.852933883666992,"y":0.4042361378669739,"z":40.98378372192383},"rotation":{"x":-0.034888457506895068,"y":0.38462233543395998,"z":-0.014549478888511658,"w":-0.922300398349762},"size":28.400897979736329,"orthographic":false}