{"cameraMode":{"drawMode":0,"name":"Shaded","section":"Shading Mode"},"sceneLighting":true,"audioPlay":false,"sceneViewState":{"m_AlwaysRefresh":false,"showFog":false,"showSkybox":true,"showFlares":false,"showImageEffects":false,"showParticleSystems":false,"showVisualEffectGraphs":true,"m_FxEnabled":true},"in2DMode":false,"pivot":{"x":0.8691856861114502,"y":1.5448691844940186,"z":3.257530689239502},"rotation":{"x":0.21724167466163636,"y":0.010537846945226193,"z":-0.002345781773328781,"w":0.9760615825653076},"size":15.645895957946778,"orthographic":false}